{"id": "651771749867716609", "username": "Sasalilime", "discriminator": 6255, "email": "salimtison@gmail.com", "verified": true, "avatar_hash": "5b8d36ed786f5065aab4f1fff940e8b5", "has_mobile": true, "needs_email_verification": false, "premium_until": null, "flags": 10445360463872, "phone": null, "temp_banned_until": null, "ip": "85.168.143.230", "settings": {"locale": "fr", "show_current_game": true, "restricted_guilds": [], "default_guilds_restricted": false, "inline_attachment_media": true, "inline_embed_media": true, "gif_auto_play": true, "render_embeds": true, "render_reactions": true, "animate_emoji": true, "enable_tts_command": true, "message_display_compact": false, "convert_emoticons": true, "explicit_content_filter": 1, "disable_games_tab": false, "theme": "dark", "developer_mode": false, "guild_positions": [], "detect_platform_accounts": true, "status": "online", "afk_timeout": 600, "timezone_offset": -60, "stream_notifications_enabled": true, "allow_accessibility_detection": false, "contact_sync_enabled": false, "native_phone_integration_enabled": true, "animate_stickers": 0, "friend_source_flags": {"all": true}, "guild_folders": [], "custom_status": null}, "connections": [], "external_friends_lists": [], "friend_suggestions": [], "mfa_sessions": [], "relationships": [{"id": "263155833934708736", "type": 1, "nickname": null, "user": {"id": "263155833934708736", "username": "Tabouley", "avatar": "dc6d5cab83061ef02c186f9e8995ed55", "discriminator": "8760", "public_flags": 0}}], "payments": [], "payment_sources": [], "guild_settings": [{"guild_id": "616963779556540427", "suppress_everyone": false, "suppress_roles": false, "message_notifications": 0, "mobile_push": true, "muted": false, "mute_config": null, "channel_overrides": [{"channel_id": "616969332899053591", "message_notifications": 3, "muted": true, "mute_config": null}, {"channel_id": "616963780047536209", "message_notifications": 3, "muted": true, "mute_config": null}, {"channel_id": "616964640882163712", "message_notifications": 3, "muted": true, "mute_config": null}, {"channel_id": "616964927202263040", "message_notifications": 3, "muted": true, "mute_config": null}, {"channel_id": "635468754767052831", "message_notifications": 3, "muted": true, "mute_config": null}, {"channel_id": "787794693970460693", "message_notifications": 3, "muted": true, "mute_config": null}], "version": 1}], "library_applications": [], "entitlements": [], "user_activity_application_statistics": [], "notes": {}}